{
  "features": [
    "delta_bpm_avail_sum",
    "delta_playoff_series_wins",
    "delta_ts_percent"
  ],
  "window": "full",
  "intercept": 1.148215003704729,
  "coefficients": {
    "delta_bpm_avail_sum": 0.07386025832191853,
    "delta_playoff_series_wins": 0.0071119237582352056,
    "delta_ts_percent": 12.266175864091624
  },
  "n_obs": 659
}