{
  "features": [
    "delta_bpm_avail_sum",
    "delta_playoff_series_wins",
    "delta_ts_percent"
  ],
  "window": "modern",
  "intercept": 1.0339665280799952,
  "coefficients": {
    "delta_bpm_avail_sum": 0.12172725062454806,
    "delta_playoff_series_wins": 0.017341939531814947,
    "delta_ts_percent": 18.822573194325447
  },
  "n_obs": 375
}